Reference,Value,Footprint,Description
K1,HFD2/003-M-L2-D,Package_DIP.pretty:DIP-16_W7.62mm,Bistable 2xRT relay (10 real pins on a DIP-16 grid -- pinout confirmed from the Hongfa datasheet)
Q1,AO3400A,Package_TO_SOT_SMD:SOT-23,N-channel MOSFET (drives coil SET)
Q2,AO3400A,Package_TO_SOT_SMD:SOT-23,N-channel MOSFET (drives coil RESET)
D1,1N4148WS (SOD-123),Diode_SMD:D_SOD-123,Flyback diode for coil SET
D2,1N4148WS (SOD-123),Diode_SMD:D_SOD-123,Flyback diode for coil RESET
D3,1N5819WS (SOD-123),Diode_SMD:D_SOD-123,Reverse-polarity protection diode on RAW_IN (anode=RAW_IN, cathode=GND)
R1,100R,Resistor_SMD:R_0805_2012Metric,Series gate resistor for Q1
R2,100R,Resistor_SMD:R_0805_2012Metric,Series gate resistor for Q2
R3,10k,Resistor_SMD:R_0805_2012Metric,Gate pulldown for Q1
R4,10k,Resistor_SMD:R_0805_2012Metric,Gate pulldown for Q2
C1,100uF/16V (SMD only),Capacitor_SMD:CP_Elec_6.3x5.4,SMD only -- right edge aligned with U1's
C2,100nF,Capacitor_SMD:C_0805_2012Metric,HF decoupling on 3V3
U1,ESP32-C3-Zero (Waveshare),Custom footprint -- 18 THT pins 2.54mm (9+9),SOLDERED TO THE BACK OF THE PCB (opposite side from the other components -- no flying wires or J1). USB-C facing right (towards K1) / antenna facing left (board's outer edge, clear of copper on both sides). Positioned above C1, right edge aligned. Pin 3 (3V3 OUT) <- buck power; pin 2 (GND); pin 4 (GP0) -> SENSE_MID; pin 7 (GP3) -> SET_CTRL; pin 14 (GP10) -> RESET_CTRL, shared with the module's WS2812 RGB LED (accepted). Pin 1 (5V) intentionally left unconnected. 2-ROW PIN SPACING: 15.24mm (measured via photo overlay, calibrated on the 2.54mm pitch -- TO BE CONFIRMED by direct measurement once the PCB is received, see README).
J2,Buck 3V3 OUT (2 pins),Connector_PinHeader_2.54mm:PinHeader_1x02_P2.54mm_Vertical,3V3 / GND -- under C1
J3,Raw power tap to buck (2 pins),Connector_PinHeader_2.54mm:PinHeader_1x02_P2.54mm_Vertical,RAW_IN / GND
J4,Console switch pole 1 (3 pins),Connector_PinHeader_2.54mm:PinHeader_1x03_P2.54mm_Vertical,SW_COM / SW_NC / SW_NO -- SW_NC can be left unwired if your original switch only uses COM+NO
J5,Relay pole 2 -- free/reserved (3 pins),Connector_PinHeader_2.54mm:PinHeader_1x03_P2.54mm_Vertical,SW2_COM / SW2_NC / SW2_NO
J6,Console POWER_SENSE tap -- already at 3.3V (2 pins),Connector_PinHeader_2.54mm:PinHeader_1x02_P2.54mm_Vertical,SENSE / GND -- J6's GND doesn't need to be wired separately (same GND net as J3/J2)
