Ref,Val,Package,PosX,PosY,Rot,Side
"C1","100uF/16V (CMS)","CP_Elec_6.3x5.4",6.325000,-23.375000,0.000000,top
"C2","100nF","C_0805_2012Metric",15.125000,-27.975000,0.000000,top
"D1","1N4148WS (SOD-123)","D_SOD-123",23.125000,-3.975000,0.000000,top
"D2","1N4148WS (SOD-123)","D_SOD-123",23.125000,-28.475000,0.000000,top
"D3","1N5819WS (SOD-123)","D_SOD-123",18.085000,-3.975000,0.000000,top
"J1","ESP32 (fils volants)","PinHeader_1x05_P2.54mm_Vertical",7.125000,-6.975000,0.000000,top
"J2","Buck 3V3 OUT","PinHeader_1x02_P2.54mm_Vertical",5.125000,-29.375000,90.000000,top
"J3","Tap alim brute (vers buck)","PinHeader_1x02_P2.54mm_Vertical",11.055000,-3.325000,90.000000,top
"J4","Switch console (pole 1)","PinHeader_1x03_P2.54mm_Vertical",37.125000,-7.975000,0.000000,top
"J5","Pole 2 relais (libre/reserve)","PinHeader_1x03_P2.54mm_Vertical",37.125000,-16.975000,0.000000,top
"J6","POWER_SENSE tap console (deja 3.3V)","PinHeader_1x02_P2.54mm_Vertical",37.125000,-25.975000,0.000000,top
"K1","HFD2/003-M-L2-D","DIP-16_W7.62mm",13.125000,-6.975000,0.000000,top
"Q1","AO3400A","SOT-23",25.125000,-8.975000,90.000000,top
"Q2","AO3400A","SOT-23",25.125000,-20.975000,90.000000,top
"R1","100R","R_0805_2012Metric",30.125000,-3.975000,90.000000,top
"R2","100R","R_0805_2012Metric",30.125000,-17.975000,90.000000,top
"R3","10k","R_0805_2012Metric",30.125000,-11.975000,90.000000,top
"R4","10k","R_0805_2012Metric",30.125000,-26.975000,90.000000,top
